{   
    "$schema": "http://adaptivecards.io/schemas/adaptive-card.json",
    "version": "1.0",
    "type": "AdaptiveCard",
    "body": [
        {
            "type": "TextBlock",
            "text": "Hello User, Glad to have you on the chat...",
            "wrap": true
        },
        {
              "type": "TextBlock",
              "text": "Are you looking for some support on one of the issues below... ",
              "isSubtle": true,
              "wrap": true
            
        }
    ],
    "actions": [
        {
            "type": "Action.Submit",
            "title": "Update/Maintain LE data",
            "data": "Update/Maintain LE data",          
            "isSubtle": true,
            "wrap": true,
            "id" : "Entity_CMS"
        },
        {
            "type": "Action.Submit",
            "title": "Incorrect Entity data (Address/finance/tax data)",
            "value":"address",
            "isSubtle": true,
            "wrap": true
        },
         {
            "type": "Action.Submit",
            "title": "Other queries/issues related to LEM/LPE data",
            "value":"otherQueries",
            "isSubtle": true,
            "wrap": true
        }
    ]
   
}