{
    "type": "AdaptiveCard",
    "body": [
        {
            "type": "TextBlock",
            "text": "I've been working hard to improve my skills, take a look at what I've learned:",
            "wrap": true
        }
    ],
    "actions": [
        {
            "type": "Action.OpenUrl",
            "title": "What's new",
            "url": "http://ep.swissre.com/Pages/Home.aspx"
        
        }
    ],
    "$schema": "http://adaptivecards.io/schemas/adaptive-card.json",
    "version": "1.0"
}