{
    "$schema": "http://adaptivecards.io/schemas/adaptive-card.json",
    "type": "AdaptiveCard",
    "version": "1.0",
    "body": [
        {
            "type": "TextBlock",
            "text": "Please select from the following list of editors, you want to update...",
            "wrap": true,
            "weight": "Bolder"
        },
        {
            "type": "Container",
            "items": [
                {
                    "type": "TextBlock",
                    "color": "dark",
                    "text": "Company Secretary",
                    "horizontalAlignment": "center",
                    "wrap": true,
                    "height": "auto"
                }
            ],
              "style": "emphasis",
            "selectAction": {
              "type": "Action.Submit",
              "data": "Company Secretary",
              "title": "Company Secretary"
            },
            "height": "auto"
        },
        {
            "type": "Container",
            "items": [
                {
                    "type": "TextBlock",
                    "color": "dark",
                    "text": "Legal Editor",
                    "horizontalAlignment": "center",
                    "wrap": true,
                    "height": "auto"
                }
            ],
              "style": "emphasis",
            "selectAction": {
              "type": "Action.Submit",
              "data": "Legal Editor",
              "title": "Legal Editor"
            },
            "height": "auto"
        },
        {
            "type": "Container",
            "items": [
                {
                    "type": "TextBlock",
                    "color": "dark",
                    "text": "Alternate Legal Editor",
                    "horizontalAlignment": "center",
                    "wrap": true,
                    "height": "auto"
                }
            ],
              "style": "emphasis",
            "selectAction": {
              "type": "Action.Submit",
              "data": "Alternate Legal Editor",
              "title": "Alternate Legal Editor"
            },
            "height": "auto"
        },
        {
            "type": "Container",
            "style": "default",
            "items": [
                {
                    "type": "TextBlock",
                    "color": "dark",
                    "text": "Finance Editor",
                    "horizontalAlignment": "center",
                    "wrap": true,
                    "height": "auto"
                }
            ],
              "style": "emphasis",
            "selectAction": {
              "type": "Action.Submit",
              "data": "Finance Editor",
              "title": "Finance Editor"
            },
            "height": "auto"
        },
         {
            "type": "Container",
            "style": "default",
            "items": [
                {
                    "type": "TextBlock",
                    "color": "dark",
                    "text": "Alternate Finance Editor",
                    "horizontalAlignment": "center",
                    "wrap": true,
                    "height": "auto"
                }
            ],
              "style": "emphasis",
            "selectAction": {
              "type": "Action.Submit",
              "data": "Alternate Finance Editor",
              "title": "Alternate Finance Editor"
            },
            "height": "auto"
        },
        {
            "type": "Container",
            "style": "default",
            "items": [
                {
                    "type": "TextBlock",
                    "color": "dark",
                    "text": "Tax Editor",
                    "horizontalAlignment": "center",
                    "wrap": true,
                    "height": "auto"
                }
            ],
              "style": "emphasis",
            "selectAction": {
              "type": "Action.Submit",
              "data": "Tax Editor",
              "title": "Tax Editor"
            },
            "height": "auto"
        },
        {
            "type": "Container",
            "style": "default",
            "items": [
                {
                    "type": "TextBlock",
                    "color": "dark",
                    "text": "SAC Performer",
                    "horizontalAlignment": "center",
                    "wrap": true,
                    "height": "auto"
                }
            ],
              "style": "emphasis",
            "selectAction": {
              "type": "Action.Submit",
              "data": "SAC Performer",
              "title": "SAC Performer"
            },
            "height": "auto"
        }
        
    ]
}