{
    "type": "AdaptiveCard",
    "body": [
        {
            "type": "ColumnSet",
            "columns": [
                {
                    "type": "Column",
                    "items": [
                        {
                            "type": "TextBlock",
                            "text": "Please fill the below **financial details**.",
                            "wrap": true
                        },
                        {
                            "type": "TextBlock",
                            "text": "Entity ID",
                            "wrap": true
                        },
                        {
                            "type": "Input.Text",
                            "id": "entityId",
                            "placeholder": "entity id "
                        },
                        {
                            "type": "TextBlock",
                            "text": "Entity Name",
                            "wrap": true
                        },
                        {
                            "type": "Input.Text",
                            "id": "entityName",
                            "placeholder": "full name of your entity"
                           
                        },
                        {
                            "type": "TextBlock",
                            "text": "Please enter your financial details",
                            "wrap": true
                        },
                        {
                            "type": "Input.Text",
                            "id": "comment",
                            "isMultiline": true,
                            "placeholder": "financial details"
                           
                        }
                    ],
                    "width": 2
                }
            ]
        }
    ],
    "actions": [
        {
            "type": "Action.Submit",
            "title": "Submit",
            "data":{"x":12}
        }
    ],
    "$schema": "http://adaptivecards.io/schemas/adaptive-card.json",
    "version": "1.0"
}
