{
    "$schema": "http://adaptivecards.io/schemas/adaptive-card.json",
    "type": "AdaptiveCard",
    "version": "1.0",
    "body": [
        {
            "type": "TextBlock",
            "text": "I'm trained to help you:",
            "wrap": true,
            "weight": "Bolder"
        },
        {
            "type": "Container",
            "items": [
                {
                    "type": "TextBlock",
                    "color": "dark",
                    "text": "Retrieve a CMS number for an entity",
                    "horizontalAlignment": "center",
                    "wrap": true,
                    "height": "auto"
                }
            ],
              "style": "emphasis",
            "selectAction": {
              "type": "Action.Submit",
              "data": "Retrieve a CMS number for an entity",
              "title": "Retrieve a CMS number for an entity"
            },
            "height": "auto"
        },
        {
            "type": "Container",
            "items": [
                {
                    "type": "TextBlock",
                    "color": "dark",
                    "text": "Update data on a Legal Entity",
                    "horizontalAlignment": "center",
                    "wrap": true,
                    "height": "auto"
                }
            ],
              "style": "emphasis",
            "selectAction": {
              "type": "Action.Submit",
              "data": "Update data on a Legal Entity",
              "title": "Update data on a Legal Entity"
            },
            "height": "auto"
        },
        {
            "type": "Container",
            "items": [
                {
                    "type": "TextBlock",
                    "color": "dark",
                    "text": "Report workflow related issues",
                    "horizontalAlignment": "center",
                    "wrap": true,
                    "height": "auto"
                }
            ],
              "style": "emphasis",
            "selectAction": {
              "type": "Action.Submit",
              "data": "Report workflow related issues",
              "title": "Report workflow related issues"
            },
            "height": "auto"
        },
        {
            "type": "Container",
            "style": "default",
            "items": [
                {
                    "type": "TextBlock",
                    "color": "dark",
                    "text": "Open a ticket for all other legal entity Business queries",
                    "horizontalAlignment": "center",
                    "wrap": true,
                    "height": "auto"
                }
            ],
              "style": "emphasis",
            "selectAction": {
              "type": "Action.Submit",
              "data": "Open a ticket for all other legal entity Business queries",
              "title": "Open a ticket for all other legal entity Business queries"
            },
            "height": "auto"
        },
        {
            "type": "Container",
            "items": [
                {
                    "type": "TextBlock",                   
                    "text": "FAQ's related to LEM/Englobe",
                    "color": "dark",
                    "horizontalAlignment": "center",
                    "wrap": true,
                    "height": "auto"
                }
            ],
              "style": "emphasis",
            "selectAction": {
              "type": "Action.Submit",
              "data": "FAQ's related to LEM/Englobe",
              "title": "FAQ's related to LEM/Englobe"
            },
            "height": "auto"
        },
        {
            "type": "Container",
            "items": [
                {
                    "type": "TextBlock",
                    "text": "Type **Cancel** to exit LEM help and talk about something else.",
                    "wrap" : true
                    
                }
            ]
        }
    ]
}