{
    "$schema": "http://adaptivecards.io/schemas/adaptive-card.json",
    "version": "1.0",
    "type": "AdaptiveCard",
    "body": [
        {
            "type": "TextBlock",
            "text": "Please click here to get your CMS  data ",
            "wrap": true
        }
    ],

    "actions":[
           {


            "type": "Action.Submit",
            "id":"entity",
            "title": "Check/Update CMS number",
            "value":"Entity_CMS",
            "data": "Check/Update CMS number"


        },
      {
            "type": "Action.Submit",
            "title": "Update Entity responsible",
            "value":"Entity Responsible"
        }
    ]


}