{
    "type": "AdaptiveCard",
    "body": [
        {
            "type": "ColumnSet",
            "columns": [
                {
                    "type": "Column",
                    "items": [
                        {
                            "type": "TextBlock",
                            "size": "Medium",
                            "text": "Please fill in below details to create support ticket related to **other workflow related issues**.",
                            "wrap":true
                        },                        
                        {
                        "type": "Input.Text",
                        "id": "comment",
                        "placeholder": "Type here",
                        "isMultiline": true
                        }
                    ],
                    "width": 2
                }
            ]
        }
    ],
    "actions": [
        {
            "type": "Action.Submit",
            "title": "Submit Query",
            "data":{"x":12}
        
        }
    ],
    "$schema": "http://adaptivecards.io/schemas/adaptive-card.json",
    "version": "1.0"
}